a,b,c,d
asdasdasdasdText 1,0.0,0.23456,0.69134
asdasdasdasdText 2,0.12345,0.46912,1.03701
asdasdasdasdText 3,0.2469,0.70368,1.38268
asdasdasdasdText 4,0.37035,0.93824,1.7283499999999998
asdasdasdasdText 5,0.4938,1.1728,2.07402
asdasdasdasdText 6,0.6172500000000001,1.40736,2.4196899999999997
asdasdasdasdText 7,0.7407,1.6419199999999998,2.76536
asdasdasdasdText 8,0.86415,1.87648,3.11103
asdasdasdasdText 9,0.9876,2.11104,3.4566999999999997
asdasdasdasdText 10,1.11105,2.3456,3.80237
asdasdasdasdText 11,1.2345000000000002,2.58016,4.14804
asdasdasdasdText 12,1.35795,2.81472,4.49371
asdasdasdasdText 13,1.4814,3.04928,4.839379999999999
asdasdasdasdText 14,1.60485,3.2838399999999996,5.1850499999999995
asdasdasdasdText 15,1.7283,3.5183999999999997,5.53072
asdasdasdasdText 16,1.85175,3.75296,5.87639
asdasdasdasdText 17,1.9752,3.98752,6.22206
asdasdasdasdText 18,2.09865,4.22208,6.567729999999999
asdasdasdasdText 19,2.2221,4.45664,6.913399999999999
asdasdasdasdText 20,2.3455500000000002,4.6912,7.2590699999999995
asdasdasdasdText 21,2.4690000000000003,4.9257599999999995,7.60474
asdasdasdasdText 22,2.59245,5.16032,7.95041
asdasdasdasdText 23,2.7159,5.39488,8.29608
asdasdasdasdText 24,2.83935,5.62944,8.64175
asdasdasdasdText 25,2.9628,5.864,8.98742
asdasdasdasdText 26,3.08625,6.09856,9.333089999999999
asdasdasdasdText 27,3.2097,6.33312,9.678759999999999
asdasdasdasdText 28,3.3331500000000003,6.567679999999999,10.024429999999999
asdasdasdasdText 29,3.4566,6.802239999999999,10.370099999999999
asdasdasdasdText 30,3.58005,7.0367999999999995,10.71577
asdasdasdasdText 31,3.7035,7.27136,11.06144
asdasdasdasdText 32,3.82695,7.50592,11.40711
asdasdasdasdText 33,3.9504,7.74048,11.75278
asdasdasdasdText 34,4.07385,7.97504,12.09845
asdasdasdasdText 35,4.1973,8.2096,12.44412
asdasdasdasdText 36,4.32075,8.44416,12.78979
asdasdasdasdText 37,4.4442,8.67872,13.135459999999998
asdasdasdasdText 38,4.56765,8.91328,13.481129999999999
asdasdasdasdText 39,4.6911000000000005,9.14784,13.826799999999999
asdasdasdasdText 40,4.8145500000000006,9.3824,14.172469999999999
asdasdasdasdText 41,4.938000000000001,9.616959999999999,14.518139999999999
asdasdasdasdText 42,5.06145,9.851519999999999,14.863809999999999
asdasdasdasdText 43,5.1849,10.086079999999999,15.20948
asdasdasdasdText 44,5.30835,10.32064,15.55515
asdasdasdasdText 45,5.4318,10.5552,15.90082
asdasdasdasdText 46,5.55525,10.78976,16.246489999999998
asdasdasdasdText 47,5.6787,11.02432,16.59216
asdasdasdasdText 48,5.80215,11.25888,16.937829999999998
asdasdasdasdText 49,5.9256,11.49344,17.2835
asdasdasdasdText 50,6.04905,11.728,17.62917
asdasdasdasdText 51,6.1725,11.96256,17.97484
asdasdasdasdText 52,6.29595,12.19712,18.32051
asdasdasdasdText 53,6.4194,12.43168,18.666179999999997
asdasdasdasdText 54,6.5428500000000005,12.66624,19.01185
asdasdasdasdText 55,6.666300000000001,12.9008,19.357519999999997
asdasdasdasdText 56,6.789750000000001,13.135359999999999,19.70319
asdasdasdasdText 57,6.9132,13.369919999999999,20.048859999999998
asdasdasdasdText 58,7.03665,13.604479999999999,20.39453
asdasdasdasdText 59,7.1601,13.839039999999999,20.740199999999998
asdasdasdasdText 60,7.28355,14.073599999999999,21.08587
asdasdasdasdText 61,7.407,14.308159999999999,21.43154
asdasdasdasdText 62,7.53045,14.54272,21.77721
asdasdasdasdText 63,7.6539,14.77728,22.12288
asdasdasdasdText 64,7.77735,15.01184,22.468549999999997
asdasdasdasdText 65,7.9008,15.2464,22.81422
asdasdasdasdText 66,8.02425,15.48096,23.159889999999997
asdasdasdasdText 67,8.1477,15.71552,23.50556
asdasdasdasdText 68,8.27115,15.95008,23.851229999999997
asdasdasdasdText 69,8.3946,16.184639999999998,24.1969
asdasdasdasdText 70,8.51805,16.4192,24.542569999999998
asdasdasdasdText 71,8.6415,16.65376,24.88824
asdasdasdasdText 72,8.76495,16.88832,25.233909999999998
asdasdasdasdText 73,8.8884,17.12288,25.57958
asdasdasdasdText 74,9.01185,17.35744,25.92525
asdasdasdasdText 75,9.1353,17.592,26.270919999999997
asdasdasdasdText 76,9.258750000000001,17.82656,26.61659
asdasdasdasdText 77,9.382200000000001,18.06112,26.962259999999997
asdasdasdasdText 78,9.505650000000001,18.29568,27.30793
asdasdasdasdText 79,9.629100000000001,18.53024,27.653599999999997
asdasdasdasdText 80,9.752550000000001,18.7648,27.99927
asdasdasdasdText 81,9.876000000000001,18.99936,28.344939999999998
asdasdasdasdText 82,9.99945,19.233919999999998,28.69061
asdasdasdasdText 83,10.1229,19.46848,29.036279999999998
asdasdasdasdText 84,10.24635,19.703039999999998,29.38195
asdasdasdasdText 85,10.3698,19.9376,29.727619999999998
asdasdasdasdText 86,10.49325,20.172159999999998,30.073289999999997
asdasdasdasdText 87,10.6167,20.40672,30.41896
asdasdasdasdText 88,10.74015,20.64128,30.764629999999997
asdasdasdasdText 89,10.8636,20.87584,31.1103
asdasdasdasdText 90,10.98705,21.1104,31.455969999999997
asdasdasdasdText 91,11.1105,21.34496,31.80164
asdasdasdasdText 92,11.23395,21.57952,32.14731
asdasdasdasdText 93,11.3574,21.81408,32.492979999999996
asdasdasdasdText 94,11.48085,22.04864,32.83865
asdasdasdasdText 95,11.6043,22.2832,33.18432
asdasdasdasdText 96,11.72775,22.51776,33.52999
asdasdasdasdText 97,11.8512,22.752319999999997,33.875659999999996
asdasdasdasdText 98,11.97465,22.98688,34.221329999999995
asdasdasdasdText 99,12.0981,23.221439999999998,34.567
asdasdasdasdText 100,12.22155,23.456,34.91267
asdasdasdasdText 101,12.345,23.690559999999998,35.25834
asdasdasdasdText 102,12.46845,23.92512,35.604009999999995
asdasdasdasdText 103,12.5919,24.159679999999998,35.94968
asdasdasdasdText 104,12.71535,24.39424,36.29535
asdasdasdasdText 105,12.8388,24.6288,36.64102
asdasdasdasdText 106,12.962250000000001,24.86336,36.986689999999996
asdasdasdasdText 107,13.085700000000001,25.09792,37.332359999999994
asdasdasdasdText 108,13.209150000000001,25.33248,37.67803
asdasdasdasdText 109,13.332600000000001,25.56704,38.0237
asdasdasdasdText 110,13.456050000000001,25.8016,38.369369999999996
asdasdasdasdText 111,13.579500000000001,26.03616,38.715039999999995
asdasdasdasdText 112,13.702950000000001,26.270719999999997,39.06071
asdasdasdasdText 113,13.8264,26.50528,39.40638
asdasdasdasdText 114,13.94985,26.739839999999997,39.75205
asdasdasdasdText 115,14.0733,26.9744,40.097719999999995
asdasdasdasdText 116,14.19675,27.208959999999998,40.44339
asdasdasdasdText 117,14.3202,27.44352,40.78906
asdasdasdasdText 118,14.44365,27.678079999999998,41.13473
asdasdasdasdText 119,14.5671,27.91264,41.480399999999996
asdasdasdasdText 120,14.69055,28.147199999999998,41.826069999999994
asdasdasdasdText 121,14.814,28.38176,42.17174
asdasdasdasdText 122,14.93745,28.616319999999998,42.51741
asdasdasdasdText 123,15.0609,28.85088,42.86308
asdasdasdasdText 124,15.18435,29.08544,43.208749999999995
asdasdasdasdText 125,15.3078,29.32,43.55442
asdasdasdasdText 126,15.43125,29.55456,43.90009
asdasdasdasdText 127,15.5547,29.78912,44.24576
asdasdasdasdText 128,15.67815,30.02368,44.591429999999995
asdasdasdasdText 129,15.8016,30.258239999999997,44.937099999999994
asdasdasdasdText 130,15.92505,30.4928,45.28277
asdasdasdasdText 131,16.0485,30.727359999999997,45.62844
asdasdasdasdText 132,16.17195,30.96192,45.974109999999996
asdasdasdasdText 133,16.2954,31.196479999999998,46.319779999999994
asdasdasdasdText 134,16.41885,31.43104,46.66545
asdasdasdasdText 135,16.5423,31.665599999999998,47.01112
asdasdasdasdText 136,16.66575,31.90016,47.35679
asdasdasdasdText 137,16.7892,32.13472,47.702459999999995
asdasdasdasdText 138,16.91265,32.369279999999996,48.04812999999999
asdasdasdasdText 139,17.0361,32.60384,48.3938
asdasdasdasdText 140,17.15955,32.8384,48.73947
asdasdasdasdText 141,17.283,33.07296,49.085139999999996
asdasdasdasdText 142,17.40645,33.30752,49.430809999999994
asdasdasdasdText 143,17.5299,33.54208,49.77648
asdasdasdasdText 144,17.65335,33.77664,50.12215
asdasdasdasdText 145,17.7768,34.011199999999995,50.467819999999996
asdasdasdasdText 146,17.90025,34.24576,50.813489999999994
asdasdasdasdText 147,18.0237,34.48032,51.15916
asdasdasdasdText 148,18.14715,34.71488,51.50483
asdasdasdasdText 149,18.2706,34.949439999999996,51.8505
asdasdasdasdText 150,18.39405,35.184,52.196169999999995
asdasdasdasdText 151,18.517500000000002,35.41856,52.54183999999999
asdasdasdasdText 152,18.64095,35.65312,52.88751
asdasdasdasdText 153,18.764400000000002,35.887679999999996,53.23318
asdasdasdasdText 154,18.88785,36.12224,53.578849999999996
asdasdasdasdText 155,19.011300000000002,36.3568,53.924519999999994
asdasdasdasdText 156,19.13475,36.59136,54.27019
asdasdasdasdText 157,19.258200000000002,36.825919999999996,54.61586
asdasdasdasdText 158,19.38165,37.06048,54.961529999999996
asdasdasdasdText 159,19.505100000000002,37.29504,55.307199999999995
asdasdasdasdText 160,19.62855,37.5296,55.65286999999999
asdasdasdasdText 161,19.752000000000002,37.76416,55.99854
asdasdasdasdText 162,19.87545,37.99872,56.34421
asdasdasdasdText 163,19.9989,38.23328,56.689879999999995
asdasdasdasdText 164,20.12235,38.467839999999995,57.03554999999999
asdasdasdasdText 165,20.2458,38.7024,57.38122
asdasdasdasdText 166,20.36925,38.93696,57.72689
asdasdasdasdText 167,20.4927,39.17152,58.072559999999996
asdasdasdasdText 168,20.61615,39.406079999999996,58.418229999999994
asdasdasdasdText 169,20.7396,39.64064,58.7639
asdasdasdasdText 170,20.86305,39.8752,59.10957
asdasdasdasdText 171,20.9865,40.10976,59.455239999999996
asdasdasdasdText 172,21.10995,40.344319999999996,59.800909999999995
asdasdasdasdText 173,21.2334,40.57888,60.14657999999999
asdasdasdasdText 174,21.35685,40.81344,60.49225
asdasdasdasdText 175,21.4803,41.048,60.83792
asdasdasdasdText 176,21.60375,41.28256,61.183589999999995
asdasdasdasdText 177,21.7272,41.51712,61.529259999999994
asdasdasdasdText 178,21.85065,41.75168,61.87493
asdasdasdasdText 179,21.9741,41.986239999999995,62.2206
asdasdasdasdText 180,22.097550000000002,42.2208,62.566269999999996
asdasdasdasdText 181,22.221,42.45536,62.911939999999994
asdasdasdasdText 182,22.344450000000002,42.68992,63.25760999999999
asdasdasdasdText 183,22.4679,42.924479999999996,63.60328
asdasdasdasdText 184,22.591350000000002,43.15904,63.948949999999996
asdasdasdasdText 185,22.7148,43.3936,64.29462
asdasdasdasdText 186,22.838250000000002,43.62816,64.64029
asdasdasdasdText 187,22.9617,43.862719999999996,64.98595999999999
asdasdasdasdText 188,23.085150000000002,44.09728,65.33162999999999
asdasdasdasdText 189,23.2086,44.33184,65.6773
asdasdasdasdText 190,23.332050000000002,44.5664,66.02297
asdasdasdasdText 191,23.4555,44.800959999999996,66.36864
asdasdasdasdText 192,23.578950000000003,45.03552,66.71431
asdasdasdasdText 193,23.7024,45.27008,67.05998
asdasdasdasdText 194,23.82585,45.504639999999995,67.40565
asdasdasdasdText 195,23.9493,45.7392,67.75131999999999
asdasdasdasdText 196,24.07275,45.97376,68.09698999999999
asdasdasdasdText 197,24.1962,46.20832,68.44265999999999
asdasdasdasdText 198,24.31965,46.442879999999995,68.78833
asdasdasdasdText 199,24.4431,46.67744,69.134
asdasdasdasdText 200,24.56655,46.912,69.47967
asdasdasdasdText 201,24.69,47.14656,69.82534
asdasdasdasdText 202,24.81345,47.381119999999996,70.17101
asdasdasdasdText 203,24.9369,47.61568,70.51668
asdasdasdasdText 204,25.06035,47.85024,70.86234999999999
asdasdasdasdText 205,25.1838,48.0848,71.20801999999999
asdasdasdasdText 206,25.30725,48.319359999999996,71.55368999999999
asdasdasdasdText 207,25.4307,48.55392,71.89936
asdasdasdasdText 208,25.55415,48.78848,72.24503
asdasdasdasdText 209,25.6776,49.023039999999995,72.5907
asdasdasdasdText 210,25.80105,49.2576,72.93637
asdasdasdasdText 211,25.924500000000002,49.49216,73.28204
asdasdasdasdText 212,26.04795,49.72672,73.62771
asdasdasdasdText 213,26.171400000000002,49.961279999999995,73.97337999999999
asdasdasdasdText 214,26.29485,50.19584,74.31904999999999
asdasdasdasdText 215,26.418300000000002,50.4304,74.66471999999999
asdasdasdasdText 216,26.54175,50.66496,75.01039
asdasdasdasdText 217,26.665200000000002,50.899519999999995,75.35606
asdasdasdasdText 218,26.78865,51.13408,75.70173
asdasdasdasdText 219,26.912100000000002,51.36864,76.0474
asdasdasdasdText 220,27.03555,51.6032,76.39307
asdasdasdasdText 221,27.159000000000002,51.837759999999996,76.73873999999999
asdasdasdasdText 222,27.28245,52.07232,77.08440999999999
asdasdasdasdText 223,27.405900000000003,52.30688,77.43007999999999
asdasdasdasdText 224,27.52935,52.541439999999994,77.77574999999999
asdasdasdasdText 225,27.6528,52.775999999999996,78.12142
asdasdasdasdText 226,27.77625,53.01056,78.46709
asdasdasdasdText 227,27.8997,53.24512,78.81276
asdasdasdasdText 228,28.02315,53.479679999999995,79.15843
asdasdasdasdText 229,28.1466,53.71424,79.5041
asdasdasdasdText 230,28.27005,53.9488,79.84976999999999
asdasdasdasdText 231,28.3935,54.18336,80.19543999999999
asdasdasdasdText 232,28.51695,54.417919999999995,80.54110999999999
asdasdasdasdText 233,28.6404,54.65248,80.88678
asdasdasdasdText 234,28.76385,54.88704,81.23245
asdasdasdasdText 235,28.8873,55.1216,81.57812
asdasdasdasdText 236,29.01075,55.356159999999996,81.92379
asdasdasdasdText 237,29.1342,55.59072,82.26946
asdasdasdasdText 238,29.25765,55.82528,82.61513
asdasdasdasdText 239,29.3811,56.05984,82.96079999999999
asdasdasdasdText 240,29.504550000000002,56.294399999999996,83.30646999999999
asdasdasdasdText 241,29.628,56.52896,83.65213999999999
asdasdasdasdText 242,29.751450000000002,56.76352,83.99781
asdasdasdasdText 243,29.8749,56.998079999999995,84.34348
asdasdasdasdText 244,29.998350000000002,57.232639999999996,84.68915
asdasdasdasdText 245,30.1218,57.4672,85.03482
asdasdasdasdText 246,30.245250000000002,57.70176,85.38049
asdasdasdasdText 247,30.3687,57.936319999999995,85.72616
asdasdasdasdText 248,30.492150000000002,58.17088,86.07182999999999
asdasdasdasdText 249,30.6156,58.40544,86.41749999999999
asdasdasdasdText 250,30.739050000000002,58.64,86.76316999999999
asdasdasdasdText 251,30.8625,58.874559999999995,87.10884
asdasdasdasdText 252,30.985950000000003,59.10912,87.45451
asdasdasdasdText 253,31.1094,59.34368,87.80018
asdasdasdasdText 254,31.232850000000003,59.57824,88.14585
asdasdasdasdText 255,31.3563,59.812799999999996,88.49152
asdasdasdasdText 256,31.479750000000003,60.04736,88.83718999999999
asdasdasdasdText 257,31.6032,60.28192,89.18285999999999
asdasdasdasdText 258,31.72665,60.516479999999994,89.52852999999999
asdasdasdasdText 259,31.8501,60.751039999999996,89.87419999999999
asdasdasdasdText 260,31.97355,60.9856,90.21987
asdasdasdasdText 261,32.097,61.22016,90.56554
asdasdasdasdText 262,32.22045,61.454719999999995,90.91121
asdasdasdasdText 263,32.3439,61.68928,91.25688
asdasdasdasdText 264,32.46735,61.92384,91.60255
asdasdasdasdText 265,32.5908,62.1584,91.94821999999999
asdasdasdasdText 266,32.71425,62.392959999999995,92.29388999999999
asdasdasdasdText 267,32.8377,62.62752,92.63955999999999
asdasdasdasdText 268,32.96115,62.86208,92.98522999999999
asdasdasdasdText 269,33.0846,63.09664,93.3309
asdasdasdasdText 270,33.20805,63.331199999999995,93.67657
asdasdasdasdText 271,33.3315,63.56576,94.02224
asdasdasdasdText 272,33.454950000000004,63.80032,94.36791
asdasdasdasdText 273,33.5784,64.03488,94.71358
asdasdasdasdText 274,33.70185,64.26944,95.05924999999999
asdasdasdasdText 275,33.8253,64.50399999999999,95.40491999999999
asdasdasdasdText 276,33.948750000000004,64.73855999999999,95.75058999999999
asdasdasdasdText 277,34.0722,64.97312,96.09625999999999
asdasdasdasdText 278,34.19565,65.20768,96.44193
asdasdasdasdText 279,34.3191,65.44224,96.7876
asdasdasdasdText 280,34.442550000000004,65.6768,97.13327
asdasdasdasdText 281,34.566,65.91136,97.47894
asdasdasdasdText 282,34.68945,66.14592,97.82460999999999
asdasdasdasdText 283,34.8129,66.38047999999999,98.17027999999999
asdasdasdasdText 284,34.936350000000004,66.61504,98.51594999999999
asdasdasdasdText 285,35.0598,66.8496,98.86161999999999
asdasdasdasdText 286,35.18325,67.08416,99.20729
asdasdasdasdText 287,35.3067,67.31872,99.55296
asdasdasdasdText 288,35.430150000000005,67.55328,99.89863
asdasdasdasdText 289,35.5536,67.78784,100.2443
asdasdasdasdText 290,35.67705,68.02239999999999,100.58997
asdasdasdasdText 291,35.8005,68.25695999999999,100.93563999999999
asdasdasdasdText 292,35.92395,68.49152,101.28130999999999
asdasdasdasdText 293,36.0474,68.72608,101.62697999999999
asdasdasdasdText 294,36.17085,68.96064,101.97264999999999
asdasdasdasdText 295,36.2943,69.1952,102.31832
asdasdasdasdText 296,36.41775,69.42976,102.66399
asdasdasdasdText 297,36.5412,69.66432,103.00966
asdasdasdasdText 298,36.66465,69.89887999999999,103.35533
asdasdasdasdText 299,36.7881,70.13344,103.701
asdasdasdasdText 300,36.91155,70.368,104.04666999999999
asdasdasdasdText 301,37.035000000000004,70.60256,104.39233999999999
asdasdasdasdText 302,37.15845,70.83712,104.73800999999999
asdasdasdasdText 303,37.2819,71.07168,105.08367999999999
asdasdasdasdText 304,37.40535,71.30624,105.42935
asdasdasdasdText 305,37.528800000000004,71.54079999999999,105.77502
asdasdasdasdText 306,37.65225,71.77535999999999,106.12069
asdasdasdasdText 307,37.7757,72.00992,106.46636
asdasdasdasdText 308,37.89915,72.24448,106.81203
asdasdasdasdText 309,38.022600000000004,72.47904,107.15769999999999
asdasdasdasdText 310,38.14605,72.7136,107.50336999999999
asdasdasdasdText 311,38.2695,72.94816,107.84903999999999
asdasdasdasdText 312,38.39295,73.18272,108.19470999999999
asdasdasdasdText 313,38.516400000000004,73.41727999999999,108.54038
asdasdasdasdText 314,38.63985,73.65183999999999,108.88605
asdasdasdasdText 315,38.7633,73.8864,109.23172
asdasdasdasdText 316,38.88675,74.12096,109.57739
asdasdasdasdText 317,39.010200000000005,74.35552,109.92305999999999
asdasdasdasdText 318,39.13365,74.59008,110.26872999999999
asdasdasdasdText 319,39.2571,74.82464,110.61439999999999
asdasdasdasdText 320,39.38055,75.0592,110.96006999999999
asdasdasdasdText 321,39.504000000000005,75.29375999999999,111.30573999999999
asdasdasdasdText 322,39.62745,75.52832,111.65141
asdasdasdasdText 323,39.7509,75.76288,111.99708
asdasdasdasdText 324,39.87435,75.99744,112.34275
asdasdasdasdText 325,39.9978,76.232,112.68842
asdasdasdasdText 326,40.12125,76.46656,113.03408999999999
asdasdasdasdText 327,40.2447,76.70112,113.37975999999999
asdasdasdasdText 328,40.36815,76.93567999999999,113.72542999999999
asdasdasdasdText 329,40.4916,77.17023999999999,114.07109999999999
asdasdasdasdText 330,40.615050000000004,77.4048,114.41676999999999
asdasdasdasdText 331,40.7385,77.63936,114.76244
asdasdasdasdText 332,40.86195,77.87392,115.10811
asdasdasdasdText 333,40.9854,78.10848,115.45378
asdasdasdasdText 334,41.108850000000004,78.34304,115.79945
asdasdasdasdText 335,41.2323,78.5776,116.14511999999999
asdasdasdasdText 336,41.35575,78.81215999999999,116.49078999999999
asdasdasdasdText 337,41.4792,79.04672,116.83645999999999
asdasdasdasdText 338,41.602650000000004,79.28128,117.18212999999999
asdasdasdasdText 339,41.7261,79.51584,117.5278
asdasdasdasdText 340,41.84955,79.7504,117.87347
asdasdasdasdText 341,41.973,79.98496,118.21914
asdasdasdasdText 342,42.096450000000004,80.21952,118.56481
asdasdasdasdText 343,42.2199,80.45407999999999,118.91047999999999
asdasdasdasdText 344,42.34335,80.68863999999999,119.25614999999999
asdasdasdasdText 345,42.4668,80.9232,119.60181999999999
asdasdasdasdText 346,42.590250000000005,81.15776,119.94748999999999
asdasdasdasdText 347,42.7137,81.39232,120.29315999999999
asdasdasdasdText 348,42.83715,81.62688,120.63883
asdasdasdasdText 349,42.9606,81.86144,120.9845
asdasdasdasdText 350,43.084050000000005,82.096,121.33017
asdasdasdasdText 351,43.2075,82.33055999999999,121.67584
asdasdasdasdText 352,43.33095,82.56512,122.02150999999999
asdasdasdasdText 353,43.4544,82.79968,122.36717999999999
asdasdasdasdText 354,43.57785,83.03424,122.71284999999999
asdasdasdasdText 355,43.7013,83.2688,123.05851999999999
asdasdasdasdText 356,43.82475,83.50336,123.40418999999999
asdasdasdasdText 357,43.9482,83.73792,123.74986
asdasdasdasdText 358,44.07165,83.97247999999999,124.09553
asdasdasdasdText 359,44.195100000000004,84.20703999999999,124.4412
asdasdasdasdText 360,44.31855,84.4416,124.78687
asdasdasdasdText 361,44.442,84.67616,125.13253999999999
asdasdasdasdText 362,44.56545,84.91072,125.47820999999999
asdasdasdasdText 363,44.688900000000004,85.14528,125.82387999999999
asdasdasdasdText 364,44.81235,85.37984,126.16954999999999
asdasdasdasdText 365,44.9358,85.6144,126.51521999999999
asdasdasdasdText 366,45.05925,85.84895999999999,126.86089
asdasdasdasdText 367,45.182700000000004,86.08352,127.20656
asdasdasdasdText 368,45.30615,86.31808,127.55223
asdasdasdasdText 369,45.4296,86.55264,127.89789999999999
asdasdasdasdText 370,45.55305,86.7872,128.24357
asdasdasdasdText 371,45.676500000000004,87.02176,128.58924
asdasdasdasdText 372,45.79995,87.25632,128.93491
asdasdasdasdText 373,45.9234,87.49087999999999,129.28058
asdasdasdasdText 374,46.04685,87.72543999999999,129.62625
asdasdasdasdText 375,46.170300000000005,87.96,129.97191999999998
asdasdasdasdText 376,46.29375,88.19456,130.31759
asdasdasdasdText 377,46.4172,88.42912,130.66325999999998
asdasdasdasdText 378,46.54065,88.66368,131.00893
asdasdasdasdText 379,46.664100000000005,88.89824,131.3546
asdasdasdasdText 380,46.78755,89.1328,131.70027
asdasdasdasdText 381,46.911,89.36735999999999,132.04594
asdasdasdasdText 382,47.03445,89.60191999999999,132.39161
asdasdasdasdText 383,47.157900000000005,89.83648,132.73728
asdasdasdasdText 384,47.28135,90.07104,133.08294999999998
asdasdasdasdText 385,47.4048,90.3056,133.42862
asdasdasdasdText 386,47.52825,90.54016,133.77428999999998
asdasdasdasdText 387,47.6517,90.77472,134.11996
asdasdasdasdText 388,47.775150000000004,91.00927999999999,134.46563
asdasdasdasdText 389,47.8986,91.24383999999999,134.8113
asdasdasdasdText 390,48.02205,91.4784,135.15697
asdasdasdasdText 391,48.1455,91.71296,135.50263999999999
asdasdasdasdText 392,48.268950000000004,91.94752,135.84831
asdasdasdasdText 393,48.3924,92.18208,136.19397999999998
asdasdasdasdText 394,48.51585,92.41664,136.53965
asdasdasdasdText 395,48.6393,92.6512,136.88531999999998
asdasdasdasdText 396,48.762750000000004,92.88575999999999,137.23099
asdasdasdasdText 397,48.8862,93.12031999999999,137.57666
asdasdasdasdText 398,49.00965,93.35488,137.92233
asdasdasdasdText 399,49.1331,93.58944,138.268
asdasdasdasdText 400,49.256550000000004,93.824,138.61366999999998
asdasdasdasdText 401,49.38,94.05856,138.95934
asdasdasdasdText 402,49.50345,94.29312,139.30500999999998
asdasdasdasdText 403,49.6269,94.52767999999999,139.65068
asdasdasdasdText 404,49.750350000000005,94.76223999999999,139.99634999999998
asdasdasdasdText 405,49.8738,94.9968,140.34202
asdasdasdasdText 406,49.99725,95.23136,140.68769
asdasdasdasdText 407,50.1207,95.46592,141.03336
asdasdasdasdText 408,50.244150000000005,95.70048,141.37903
asdasdasdasdText 409,50.3676,95.93504,141.72469999999998
asdasdasdasdText 410,50.49105,96.1696,142.07037
asdasdasdasdText 411,50.6145,96.40415999999999,142.41603999999998
asdasdasdasdText 412,50.737950000000005,96.63871999999999,142.76171
asdasdasdasdText 413,50.8614,96.87328,143.10737999999998
asdasdasdasdText 414,50.98485,97.10784,143.45305
asdasdasdasdText 415,51.1083,97.3424,143.79872
asdasdasdasdText 416,51.231750000000005,97.57696,144.14439
asdasdasdasdText 417,51.3552,97.81152,144.49006
asdasdasdasdText 418,51.47865,98.04607999999999,144.83572999999998
asdasdasdasdText 419,51.6021,98.28063999999999,145.1814
asdasdasdasdText 420,51.72555,98.5152,145.52706999999998
asdasdasdasdText 421,51.849000000000004,98.74976,145.87274
asdasdasdasdText 422,51.97245,98.98432,146.21840999999998
asdasdasdasdText 423,52.0959,99.21888,146.56408
asdasdasdasdText 424,52.21935,99.45344,146.90975
asdasdasdasdText 425,52.342800000000004,99.688,147.25542
asdasdasdasdText 426,52.46625,99.92255999999999,147.60109
asdasdasdasdText 427,52.5897,100.15711999999999,147.94675999999998
asdasdasdasdText 428,52.71315,100.39168,148.29243
asdasdasdasdText 429,52.836600000000004,100.62624,148.63809999999998
asdasdasdasdText 430,52.96005,100.8608,148.98377
asdasdasdasdText 431,53.0835,101.09536,149.32943999999998
asdasdasdasdText 432,53.20695,101.32992,149.67511
asdasdasdasdText 433,53.330400000000004,101.56447999999999,150.02078
asdasdasdasdText 434,53.45385,101.79903999999999,150.36645
asdasdasdasdText 435,53.5773,102.03359999999999,150.71212
asdasdasdasdText 436,53.70075,102.26816,151.05778999999998
asdasdasdasdText 437,53.824200000000005,102.50272,151.40346
asdasdasdasdText 438,53.94765,102.73728,151.74912999999998
asdasdasdasdText 439,54.0711,102.97184,152.0948
asdasdasdasdText 440,54.19455,103.2064,152.44046999999998
asdasdasdasdText 441,54.318000000000005,103.44095999999999,152.78614
asdasdasdasdText 442,54.44145,103.67551999999999,153.13181
asdasdasdasdText 443,54.5649,103.91008,153.47747999999999
asdasdasdasdText 444,54.68835,104.14464,153.82315
asdasdasdasdText 445,54.811800000000005,104.3792,154.16881999999998
asdasdasdasdText 446,54.93525,104.61376,154.51449
asdasdasdasdText 447,55.0587,104.84832,154.86015999999998
asdasdasdasdText 448,55.18215,105.08287999999999,155.20583
asdasdasdasdText 449,55.3056,105.31743999999999,155.55149999999998
asdasdasdasdText 450,55.429050000000004,105.55199999999999,155.89717
asdasdasdasdText 451,55.5525,105.78656,156.24284
asdasdasdasdText 452,55.67595,106.02112,156.58850999999999
asdasdasdasdText 453,55.7994,106.25568,156.93418
asdasdasdasdText 454,55.922850000000004,106.49024,157.27984999999998
asdasdasdasdText 455,56.0463,106.7248,157.62552
asdasdasdasdText 456,56.16975,106.95935999999999,157.97118999999998
asdasdasdasdText 457,56.2932,107.19391999999999,158.31686
asdasdasdasdText 458,56.416650000000004,107.42848,158.66252999999998
asdasdasdasdText 459,56.5401,107.66304,159.0082
asdasdasdasdText 460,56.66355,107.8976,159.35387
asdasdasdasdText 461,56.787,108.13216,159.69953999999998
asdasdasdasdText 462,56.910450000000004,108.36672,160.04521
asdasdasdasdText 463,57.0339,108.60128,160.39087999999998
asdasdasdasdText 464,57.15735,108.83583999999999,160.73655
asdasdasdasdText 465,57.2808,109.07039999999999,161.08221999999998
asdasdasdasdText 466,57.404250000000005,109.30496,161.42789
asdasdasdasdText 467,57.5277,109.53952,161.77356
asdasdasdasdText 468,57.65115,109.77408,162.11923
asdasdasdasdText 469,57.7746,110.00864,162.4649
asdasdasdasdText 470,57.898050000000005,110.2432,162.81056999999998
asdasdasdasdText 471,58.0215,110.47775999999999,163.15624
asdasdasdasdText 472,58.14495,110.71231999999999,163.50190999999998
asdasdasdasdText 473,58.2684,110.94688,163.84758
asdasdasdasdText 474,58.391850000000005,111.18144,164.19324999999998
asdasdasdasdText 475,58.5153,111.416,164.53892
asdasdasdasdText 476,58.63875,111.65056,164.88459
asdasdasdasdText 477,58.7622,111.88512,165.23026
asdasdasdasdText 478,58.885650000000005,112.11968,165.57593
asdasdasdasdText 479,59.009100000000004,112.35423999999999,165.92159999999998
asdasdasdasdText 480,59.13255,112.58879999999999,166.26727
asdasdasdasdText 481,59.256,112.82336,166.61293999999998
asdasdasdasdText 482,59.37945,113.05792,166.95861
asdasdasdasdText 483,59.502900000000004,113.29248,167.30427999999998
asdasdasdasdText 484,59.62635,113.52704,167.64995
asdasdasdasdText 485,59.7498,113.7616,167.99562
asdasdasdasdText 486,59.87325,113.99615999999999,168.34129
asdasdasdasdText 487,59.996700000000004,114.23071999999999,168.68696
asdasdasdasdText 488,60.12015,114.46527999999999,169.03262999999998
asdasdasdasdText 489,60.2436,114.69984,169.3783
asdasdasdasdText 490,60.36705,114.9344,169.72396999999998
asdasdasdasdText 491,60.490500000000004,115.16896,170.06964
asdasdasdasdText 492,60.61395,115.40352,170.41530999999998
asdasdasdasdText 493,60.7374,115.63808,170.76098
asdasdasdasdText 494,60.86085,115.87263999999999,171.10665
asdasdasdasdText 495,60.984300000000005,116.10719999999999,171.45232
asdasdasdasdText 496,61.10775,116.34176,171.79799
asdasdasdasdText 497,61.2312,116.57632,172.14365999999998
asdasdasdasdText 498,61.35465,116.81088,172.48933
asdasdasdasdText 499,61.478100000000005,117.04544,172.83499999999998
asdasdasdasdText 500,61.60155,117.28,173.18067
asdasdasdasdText 501,61.725,117.51455999999999,173.52633999999998
asdasdasdasdText 502,61.84845,117.74911999999999,173.87201
asdasdasdasdText 503,61.971900000000005,117.98367999999999,174.21768
asdasdasdasdText 504,62.09535,118.21824,174.56334999999999
asdasdasdasdText 505,62.2188,118.4528,174.90902
asdasdasdasdText 506,62.34225,118.68736,175.25468999999998
asdasdasdasdText 507,62.465700000000005,118.92192,175.60036
asdasdasdasdText 508,62.589150000000004,119.15648,175.94602999999998
asdasdasdasdText 509,62.7126,119.39103999999999,176.2917
asdasdasdasdText 510,62.83605,119.62559999999999,176.63736999999998
asdasdasdasdText 511,62.959500000000006,119.86016,176.98304
asdasdasdasdText 512,63.082950000000004,120.09472,177.32871
asdasdasdasdText 513,63.2064,120.32928,177.67437999999999
asdasdasdasdText 514,63.32985,120.56384,178.02005
asdasdasdasdText 515,63.4533,120.7984,178.36571999999998
asdasdasdasdText 516,63.576750000000004,121.03295999999999,178.71139
asdasdasdasdText 517,63.7002,121.26751999999999,179.05705999999998
asdasdasdasdText 518,63.82365,121.50207999999999,179.40273
asdasdasdasdText 519,63.9471,121.73664,179.74839999999998
asdasdasdasdText 520,64.07055,121.9712,180.09407
asdasdasdasdText 521,64.194,122.20576,180.43974
asdasdasdasdText 522,64.31745000000001,122.44032,180.78540999999998
asdasdasdasdText 523,64.4409,122.67488,181.13108
asdasdasdasdText 524,64.56435,122.90943999999999,181.47674999999998
asdasdasdasdText 525,64.6878,123.14399999999999,181.82242
asdasdasdasdText 526,64.81125,123.37856,182.16808999999998
asdasdasdasdText 527,64.9347,123.61312,182.51376
asdasdasdasdText 528,65.05815,123.84768,182.85942999999997
asdasdasdasdText 529,65.1816,124.08224,183.2051
asdasdasdasdText 530,65.30505000000001,124.3168,183.55077
asdasdasdasdText 531,65.4285,124.55135999999999,183.89643999999998
asdasdasdasdText 532,65.55195,124.78591999999999,184.24211
asdasdasdasdText 533,65.6754,125.02047999999999,184.58777999999998
asdasdasdasdText 534,65.79885,125.25504,184.93345
asdasdasdasdText 535,65.9223,125.4896,185.27911999999998
asdasdasdasdText 536,66.04575,125.72416,185.62479
asdasdasdasdText 537,66.1692,125.95872,185.97045999999997
asdasdasdasdText 538,66.29265000000001,126.19328,186.31613
asdasdasdasdText 539,66.4161,126.42783999999999,186.6618
asdasdasdasdText 540,66.53955,126.66239999999999,187.00746999999998
asdasdasdasdText 541,66.663,126.89695999999999,187.35314
asdasdasdasdText 542,66.78645,127.13152,187.69880999999998
asdasdasdasdText 543,66.90990000000001,127.36608,188.04448
asdasdasdasdText 544,67.03335,127.60064,188.39014999999998
asdasdasdasdText 545,67.1568,127.8352,188.73582
asdasdasdasdText 546,67.28025,128.06976,189.08148999999997
asdasdasdasdText 547,67.4037,128.30432,189.42716
asdasdasdasdText 548,67.52715,128.53888,189.77283
asdasdasdasdText 549,67.6506,128.77344,190.11849999999998
asdasdasdasdText 550,67.77405,129.00799999999998,190.46417
asdasdasdasdText 551,67.89750000000001,129.24256,190.80983999999998
asdasdasdasdText 552,68.02095,129.47711999999999,191.15551
asdasdasdasdText 553,68.1444,129.71168,191.50117999999998
asdasdasdasdText 554,68.26785,129.94624,191.84685
asdasdasdasdText 555,68.3913,130.1808,192.19251999999997
asdasdasdasdText 556,68.51475,130.41536,192.53819
asdasdasdasdText 557,68.6382,130.64992,192.88386
asdasdasdasdText 558,68.76165,130.88448,193.22952999999998
asdasdasdasdText 559,68.88510000000001,131.11903999999998,193.5752
asdasdasdasdText 560,69.00855,131.3536,193.92086999999998
asdasdasdasdText 561,69.132,131.58816,194.26654
asdasdasdasdText 562,69.25545,131.82272,194.61220999999998
asdasdasdasdText 563,69.3789,132.05728,194.95788
asdasdasdasdText 564,69.50235,132.29184,195.30355
asdasdasdasdText 565,69.6258,132.5264,195.64921999999999
asdasdasdasdText 566,69.74925,132.76095999999998,195.99489
asdasdasdasdText 567,69.87270000000001,132.99552,196.34055999999998
asdasdasdasdText 568,69.99615,133.23008,196.68623
asdasdasdasdText 569,70.1196,133.46464,197.03189999999998
asdasdasdasdText 570,70.24305,133.6992,197.37757
asdasdasdasdText 571,70.3665,133.93376,197.72323999999998
asdasdasdasdText 572,70.48995000000001,134.16832,198.06891
asdasdasdasdText 573,70.6134,134.40287999999998,198.41458
asdasdasdasdText 574,70.73685,134.63744,198.76024999999998
asdasdasdasdText 575,70.86030000000001,134.87199999999999,199.10592
asdasdasdasdText 576,70.98375,135.10656,199.45158999999998
asdasdasdasdText 577,71.1072,135.34112,199.79726
asdasdasdasdText 578,71.23065,135.57568,200.14292999999998
asdasdasdasdText 579,71.3541,135.81024,200.4886
asdasdasdasdText 580,71.47755000000001,136.04479999999998,200.83426999999998
asdasdasdasdText 581,71.601,136.27936,201.17994
asdasdasdasdText 582,71.72445,136.51391999999998,201.52561
asdasdasdasdText 583,71.8479,136.74848,201.87127999999998
asdasdasdasdText 584,71.97135,136.98304,202.21695
asdasdasdasdText 585,72.0948,137.2176,202.56261999999998
asdasdasdasdText 586,72.21825,137.45216,202.90829
asdasdasdasdText 587,72.3417,137.68672,203.25395999999998
asdasdasdasdText 588,72.46515000000001,137.92128,203.59963
asdasdasdasdText 589,72.5886,138.15583999999998,203.94529999999997
asdasdasdasdText 590,72.71205,138.3904,204.29097
asdasdasdasdText 591,72.8355,138.62496,204.63664
asdasdasdasdText 592,72.95895,138.85952,204.98230999999998
asdasdasdasdText 593,73.0824,139.09408,205.32798
asdasdasdasdText 594,73.20585,139.32864,205.67364999999998
asdasdasdasdText 595,73.3293,139.5632,206.01932
asdasdasdasdText 596,73.45275000000001,139.79775999999998,206.36498999999998
asdasdasdasdText 597,73.5762,140.03232,206.71066
asdasdasdasdText 598,73.69965,140.26688,207.05632999999997
asdasdasdasdText 599,73.8231,140.50144,207.402
asdasdasdasdText 600,73.94655,140.736,207.74767
asdasdasdasdText 601,74.07000000000001,140.97056,208.09333999999998
asdasdasdasdText 602,74.19345,141.20512,208.43901
asdasdasdasdText 603,74.3169,141.43967999999998,208.78467999999998
asdasdasdasdText 604,74.44035000000001,141.67424,209.13035
asdasdasdasdText 605,74.5638,141.90879999999999,209.47601999999998
asdasdasdasdText 606,74.68725,142.14336,209.82169
asdasdasdasdText 607,74.8107,142.37792,210.16735999999997
asdasdasdasdText 608,74.93415,142.61248,210.51303
asdasdasdasdText 609,75.05760000000001,142.84704,210.8587
asdasdasdasdText 610,75.18105,143.08159999999998,211.20436999999998
asdasdasdasdText 611,75.3045,143.31616,211.55004
asdasdasdasdText 612,75.42795,143.55071999999998,211.89570999999998
asdasdasdasdText 613,75.5514,143.78528,212.24138
asdasdasdasdText 614,75.67485,144.01984,212.58704999999998
asdasdasdasdText 615,75.7983,144.2544,212.93272
asdasdasdasdText 616,75.92175,144.48896,213.27838999999997
asdasdasdasdText 617,76.04520000000001,144.72352,213.62406
asdasdasdasdText 618,76.16865,144.95808,213.96973
asdasdasdasdText 619,76.2921,145.19263999999998,214.31539999999998
asdasdasdasdText 620,76.41555,145.4272,214.66107
asdasdasdasdText 621,76.539,145.66176,215.00673999999998
asdasdasdasdText 622,76.66245,145.89632,215.35241
asdasdasdasdText 623,76.7859,146.13088,215.69807999999998
asdasdasdasdText 624,76.90935,146.36544,216.04375
asdasdasdasdText 625,77.03280000000001,146.6,216.38941999999997
asdasdasdasdText 626,77.15625,146.83455999999998,216.73508999999999
asdasdasdasdText 627,77.2797,147.06912,217.08076
asdasdasdasdText 628,77.40315,147.30367999999999,217.42642999999998
asdasdasdasdText 629,77.5266,147.53824,217.7721
asdasdasdasdText 630,77.65005000000001,147.7728,218.11776999999998
asdasdasdasdText 631,77.7735,148.00736,218.46344
asdasdasdasdText 632,77.89695,148.24192,218.80910999999998
asdasdasdasdText 633,78.02040000000001,148.47647999999998,219.15478
asdasdasdasdText 634,78.14385,148.71104,219.50044999999997
asdasdasdasdText 635,78.2673,148.94559999999998,219.84611999999998
asdasdasdasdText 636,78.39075,149.18016,220.19179
asdasdasdasdText 637,78.5142,149.41472,220.53745999999998
asdasdasdasdText 638,78.63765000000001,149.64928,220.88313
asdasdasdasdText 639,78.7611,149.88384,221.22879999999998
asdasdasdasdText 640,78.88455,150.1184,221.57447
asdasdasdasdText 641,79.00800000000001,150.35296,221.92013999999998
asdasdasdasdText 642,79.13145,150.58751999999998,222.26581
asdasdasdasdText 643,79.2549,150.82208,222.61147999999997
asdasdasdasdText 644,79.37835,151.05664,222.95714999999998
asdasdasdasdText 645,79.5018,151.2912,223.30282
asdasdasdasdText 646,79.62525000000001,151.52576,223.64848999999998
asdasdasdasdText 647,79.7487,151.76032,223.99416
asdasdasdasdText 648,79.87215,151.99488,224.33982999999998
asdasdasdasdText 649,79.9956,152.22943999999998,224.6855
asdasdasdasdText 650,80.11905,152.464,225.03116999999997
asdasdasdasdText 651,80.2425,152.69856,225.37684
asdasdasdasdText 652,80.36595,152.93312,225.72250999999997
asdasdasdasdText 653,80.4894,153.16768,226.06817999999998
asdasdasdasdText 654,80.61285000000001,153.40224,226.41385
asdasdasdasdText 655,80.7363,153.6368,226.75951999999998
asdasdasdasdText 656,80.85975,153.87135999999998,227.10519
asdasdasdasdText 657,80.9832,154.10592,227.45085999999998
asdasdasdasdText 658,81.10665,154.34047999999999,227.79653
asdasdasdasdText 659,81.23010000000001,154.57504,228.14219999999997
asdasdasdasdText 660,81.35355,154.8096,228.48787
asdasdasdasdText 661,81.477,155.04416,228.83353999999997
asdasdasdasdText 662,81.60045000000001,155.27872,229.17920999999998
asdasdasdasdText 663,81.7239,155.51327999999998,229.52488
asdasdasdasdText 664,81.84735,155.74784,229.87054999999998
asdasdasdasdText 665,81.9708,155.98239999999998,230.21622
asdasdasdasdText 666,82.09425,156.21696,230.56188999999998
asdasdasdasdText 667,82.21770000000001,156.45152,230.90756
asdasdasdasdText 668,82.34115,156.68608,231.25322999999997
asdasdasdasdText 669,82.4646,156.92064,231.5989
asdasdasdasdText 670,82.58805000000001,157.1552,231.94457
asdasdasdasdText 671,82.7115,157.38976,232.29023999999998
asdasdasdasdText 672,82.83495,157.62431999999998,232.63591
asdasdasdasdText 673,82.9584,157.85888,232.98157999999998
asdasdasdasdText 674,83.08185,158.09344,233.32725
asdasdasdasdText 675,83.20530000000001,158.328,233.67291999999998
asdasdasdasdText 676,83.32875,158.56256,234.01859
asdasdasdasdText 677,83.4522,158.79712,234.36425999999997
asdasdasdasdText 678,83.57565,159.03168,234.70992999999999
asdasdasdasdText 679,83.6991,159.26623999999998,235.0556
asdasdasdasdText 680,83.82255,159.5008,235.40126999999998
asdasdasdasdText 681,83.946,159.73536,235.74694
asdasdasdasdText 682,84.06945,159.96992,236.09260999999998
asdasdasdasdText 683,84.19290000000001,160.20448,236.43828
asdasdasdasdText 684,84.31635,160.43904,236.78394999999998
asdasdasdasdText 685,84.4398,160.6736,237.12962
asdasdasdasdText 686,84.56325,160.90815999999998,237.47528999999997
asdasdasdasdText 687,84.6867,161.14272,237.82095999999999
asdasdasdasdText 688,84.81015000000001,161.37727999999998,238.16663
asdasdasdasdText 689,84.9336,161.61184,238.51229999999998
asdasdasdasdText 690,85.05705,161.8464,238.85797
asdasdasdasdText 691,85.18050000000001,162.08096,239.20363999999998
asdasdasdasdText 692,85.30395,162.31552,239.54931
asdasdasdasdText 693,85.4274,162.55007999999998,239.89497999999998
asdasdasdasdText 694,85.55085,162.78464,240.24065
asdasdasdasdText 695,85.6743,163.01919999999998,240.58631999999997
asdasdasdasdText 696,85.79775000000001,163.25376,240.93198999999998
asdasdasdasdText 697,85.9212,163.48832,241.27766
asdasdasdasdText 698,86.04465,163.72288,241.62332999999998
asdasdasdasdText 699,86.16810000000001,163.95744,241.969
asdasdasdasdText 700,86.29155,164.192,242.31466999999998
asdasdasdasdText 701,86.415,164.42656,242.66034
asdasdasdasdText 702,86.53845,164.66111999999998,243.00600999999997
asdasdasdasdText 703,86.6619,164.89568,243.35168
asdasdasdasdText 704,86.78535000000001,165.13024,243.69734999999997
asdasdasdasdText 705,86.9088,165.3648,244.04301999999998
asdasdasdasdText 706,87.03225,165.59936,244.38869
asdasdasdasdText 707,87.1557,165.83392,244.73435999999998
asdasdasdasdText 708,87.27915,166.06848,245.08003
asdasdasdasdText 709,87.4026,166.30303999999998,245.42569999999998
asdasdasdasdText 710,87.52605,166.5376,245.77137
asdasdasdasdText 711,87.6495,166.77215999999999,246.11703999999997
asdasdasdasdText 712,87.77295000000001,167.00672,246.46271
asdasdasdasdText 713,87.8964,167.24128,246.80837999999997
asdasdasdasdText 714,88.01985,167.47584,247.15404999999998
asdasdasdasdText 715,88.1433,167.7104,247.49972
asdasdasdasdText 716,88.26675,167.94495999999998,247.84538999999998
asdasdasdasdText 717,88.39020000000001,168.17952,248.19106
asdasdasdasdText 718,88.51365,168.41407999999998,248.53672999999998
asdasdasdasdText 719,88.6371,168.64864,248.8824
asdasdasdasdText 720,88.76055000000001,168.8832,249.22806999999997
asdasdasdasdText 721,88.884,169.11776,249.57374
asdasdasdasdText 722,89.00745,169.35232,249.91940999999997
asdasdasdasdText 723,89.1309,169.58687999999998,250.26507999999998
asdasdasdasdText 724,89.25435,169.82144,250.61075
asdasdasdasdText 725,89.37780000000001,170.05599999999998,250.95641999999998
asdasdasdasdText 726,89.50125,170.29056,251.30209
asdasdasdasdText 727,89.6247,170.52512,251.64775999999998
asdasdasdasdText 728,89.74815000000001,170.75968,251.99343
asdasdasdasdText 729,89.8716,170.99424,252.33909999999997
asdasdasdasdText 730,89.99505,171.2288,252.68477
asdasdasdasdText 731,90.1185,171.46336,253.03043999999997
asdasdasdasdText 732,90.24195,171.69791999999998,253.37610999999998
asdasdasdasdText 733,90.36540000000001,171.93248,253.72178
asdasdasdasdText 734,90.48885,172.16704,254.06744999999998
asdasdasdasdText 735,90.6123,172.4016,254.41312
asdasdasdasdText 736,90.73575000000001,172.63616,254.75878999999998
asdasdasdasdText 737,90.8592,172.87072,255.10446
asdasdasdasdText 738,90.98265,173.10528,255.45012999999997
asdasdasdasdText 739,91.1061,173.33983999999998,255.79579999999999
asdasdasdasdText 740,91.22955,173.5744,256.14146999999997
asdasdasdasdText 741,91.35300000000001,173.80895999999998,256.48714
asdasdasdasdText 742,91.47645,174.04352,256.83281
asdasdasdasdText 743,91.5999,174.27808,257.17848
asdasdasdasdText 744,91.72335,174.51264,257.52414999999996
asdasdasdasdText 745,91.8468,174.7472,257.86982
asdasdasdasdText 746,91.97025000000001,174.98175999999998,258.21549
asdasdasdasdText 747,92.0937,175.21632,258.56116
asdasdasdasdText 748,92.21715,175.45087999999998,258.90682999999996
asdasdasdasdText 749,92.34060000000001,175.68544,259.2525
asdasdasdasdText 750,92.46405,175.92,259.59817
asdasdasdasdText 751,92.5875,176.15456,259.94383999999997
asdasdasdasdText 752,92.71095,176.38912,260.28951
asdasdasdasdText 753,92.8344,176.62367999999998,260.63518
asdasdasdasdText 754,92.95785000000001,176.85824,260.98085
asdasdasdasdText 755,93.0813,177.09279999999998,261.32651999999996
asdasdasdasdText 756,93.20475,177.32736,261.67219
asdasdasdasdText 757,93.32820000000001,177.56192,262.01786
asdasdasdasdText 758,93.45165,177.79648,262.36352999999997
asdasdasdasdText 759,93.5751,178.03104,262.7092
asdasdasdasdText 760,93.69855,178.2656,263.05487
asdasdasdasdText 761,93.822,178.50016,263.40054
asdasdasdasdText 762,93.94545000000001,178.73471999999998,263.74620999999996
asdasdasdasdText 763,94.0689,178.96928,264.09188
asdasdasdasdText 764,94.19235,179.20383999999999,264.43755
asdasdasdasdText 765,94.31580000000001,179.4384,264.78322
asdasdasdasdText 766,94.43925,179.67296,265.12888999999996
asdasdasdasdText 767,94.5627,179.90752,265.47456
asdasdasdasdText 768,94.68615,180.14208,265.82023
asdasdasdasdText 769,94.8096,180.37663999999998,266.16589999999997
asdasdasdasdText 770,94.93305000000001,180.6112,266.51157
asdasdasdasdText 771,95.0565,180.84575999999998,266.85724
asdasdasdasdText 772,95.17995,181.08032,267.20291
asdasdasdasdText 773,95.3034,181.31488,267.54857999999996
asdasdasdasdText 774,95.42685,181.54944,267.89425
asdasdasdasdText 775,95.55030000000001,181.784,268.23992
asdasdasdasdText 776,95.67375,182.01855999999998,268.58558999999997
asdasdasdasdText 777,95.7972,182.25312,268.93126
asdasdasdasdText 778,95.92065000000001,182.48767999999998,269.27693
asdasdasdasdText 779,96.0441,182.72224,269.6226
asdasdasdasdText 780,96.16755,182.9568,269.96826999999996
asdasdasdasdText 781,96.291,183.19136,270.31394
asdasdasdasdText 782,96.41445,183.42592,270.65961
asdasdasdasdText 783,96.53790000000001,183.66048,271.00527999999997
asdasdasdasdText 784,96.66135,183.89504,271.35094999999995
asdasdasdasdText 785,96.7848,184.12959999999998,271.69662
asdasdasdasdText 786,96.90825000000001,184.36416,272.04229
asdasdasdasdText 787,97.0317,184.59872,272.38795999999996
asdasdasdasdText 788,97.15515,184.83328,272.73363
asdasdasdasdText 789,97.2786,185.06784,273.0793
asdasdasdasdText 790,97.40205,185.3024,273.42497
asdasdasdasdText 791,97.52550000000001,185.53696,273.77063999999996
asdasdasdasdText 792,97.64895,185.77151999999998,274.11631
asdasdasdasdText 793,97.7724,186.00608,274.46198
asdasdasdasdText 794,97.89585000000001,186.24063999999998,274.80764999999997
asdasdasdasdText 795,98.0193,186.4752,275.15332
asdasdasdasdText 796,98.14275,186.70976,275.49899
asdasdasdasdText 797,98.2662,186.94432,275.84466
asdasdasdasdText 798,98.38965,187.17888,276.19032999999996
asdasdasdasdText 799,98.51310000000001,187.41343999999998,276.536
asdasdasdasdText 800,98.63655,187.648,276.88167
asdasdasdasdText 801,98.76,187.88255999999998,277.22733999999997
asdasdasdasdText 802,98.88345,188.11712,277.57300999999995
asdasdasdasdText 803,99.0069,188.35168,277.91868
asdasdasdasdText 804,99.13035,188.58624,278.26435
asdasdasdasdText 805,99.2538,188.8208,278.61001999999996
asdasdasdasdText 806,99.37725,189.05535999999998,278.95569
asdasdasdasdText 807,99.50070000000001,189.28992,279.30136
asdasdasdasdText 808,99.62415,189.52447999999998,279.64703
asdasdasdasdText 809,99.7476,189.75904,279.99269999999996
asdasdasdasdText 810,99.87105,189.9936,280.33837
asdasdasdasdText 811,99.9945,190.22816,280.68404
asdasdasdasdText 812,100.11795000000001,190.46272,281.02970999999997
asdasdasdasdText 813,100.2414,190.69728,281.37538
asdasdasdasdText 814,100.36485,190.93184,281.72105
asdasdasdasdText 815,100.48830000000001,191.16639999999998,282.06672
asdasdasdasdText 816,100.61175,191.40096,282.41238999999996
asdasdasdasdText 817,100.7352,191.63551999999999,282.75806
asdasdasdasdText 818,100.85865,191.87008,283.10373
asdasdasdasdText 819,100.9821,192.10464,283.44939999999997
asdasdasdasdText 820,101.10555000000001,192.3392,283.79507
asdasdasdasdText 821,101.229,192.57376,284.14074
asdasdasdasdText 822,101.35245,192.80831999999998,284.48641
asdasdasdasdText 823,101.47590000000001,193.04288,284.83207999999996
asdasdasdasdText 824,101.59935,193.27743999999998,285.17775
asdasdasdasdText 825,101.7228,193.512,285.52342
asdasdasdasdText 826,101.84625,193.74656,285.86908999999997
asdasdasdasdText 827,101.9697,193.98112,286.21475999999996
asdasdasdasdText 828,102.09315000000001,194.21568,286.56043
asdasdasdasdText 829,102.2166,194.45023999999998,286.9061
asdasdasdasdText 830,102.34005,194.6848,287.25176999999996
asdasdasdasdText 831,102.46350000000001,194.91935999999998,287.59744
asdasdasdasdText 832,102.58695,195.15392,287.94311
asdasdasdasdText 833,102.7104,195.38848,288.28878
asdasdasdasdText 834,102.83385,195.62304,288.63444999999996
asdasdasdasdText 835,102.9573,195.8576,288.98012
asdasdasdasdText 836,103.08075000000001,196.09215999999998,289.32579
asdasdasdasdText 837,103.2042,196.32672,289.67145999999997
asdasdasdasdText 838,103.32765,196.56127999999998,290.01713
asdasdasdasdText 839,103.4511,196.79584,290.3628
asdasdasdasdText 840,103.57455,197.0304,290.70847
asdasdasdasdText 841,103.69800000000001,197.26496,291.05413999999996
asdasdasdasdText 842,103.82145,197.49952,291.39981
asdasdasdasdText 843,103.9449,197.73408,291.74548
asdasdasdasdText 844,104.06835000000001,197.96864,292.09114999999997
asdasdasdasdText 845,104.1918,198.20319999999998,292.43681999999995
asdasdasdasdText 846,104.31525,198.43776,292.78249
asdasdasdasdText 847,104.4387,198.67231999999998,293.12816
asdasdasdasdText 848,104.56215,198.90688,293.47382999999996
asdasdasdasdText 849,104.68560000000001,199.14144,293.8195
asdasdasdasdText 850,104.80905,199.376,294.16517
asdasdasdasdText 851,104.9325,199.61056,294.51084
asdasdasdasdText 852,105.05595000000001,199.84511999999998,294.85650999999996
asdasdasdasdText 853,105.1794,200.07968,295.20218
asdasdasdasdText 854,105.30285,200.31423999999998,295.54785
asdasdasdasdText 855,105.4263,200.5488,295.89351999999997
asdasdasdasdText 856,105.54975,200.78336,296.23919
asdasdasdasdText 857,105.67320000000001,201.01792,296.58486
asdasdasdasdText 858,105.79665,201.25248,296.93053
asdasdasdasdText 859,105.9201,201.48703999999998,297.27619999999996
asdasdasdasdText 860,106.04355000000001,201.7216,297.62187
asdasdasdasdText 861,106.167,201.95615999999998,297.96754
asdasdasdasdText 862,106.29045,202.19072,298.31320999999997
asdasdasdasdText 863,106.4139,202.42528,298.65887999999995
asdasdasdasdText 864,106.53735,202.65984,299.00455
asdasdasdasdText 865,106.66080000000001,202.8944,299.35022
asdasdasdasdText 866,106.78425,203.12895999999998,299.69588999999996
asdasdasdasdText 867,106.9077,203.36352,300.04156
asdasdasdasdText 868,107.03115,203.59807999999998,300.38723
asdasdasdasdText 869,107.1546,203.83264,300.7329
asdasdasdasdText 870,107.27805000000001,204.06719999999999,301.07856999999996
asdasdasdasdText 871,107.4015,204.30176,301.42424
asdasdasdasdText 872,107.52495,204.53632,301.76991
asdasdasdasdText 873,107.64840000000001,204.77088,302.11557999999997
asdasdasdasdText 874,107.77185,205.00544,302.46125
asdasdasdasdText 875,107.8953,205.23999999999998,302.80692
asdasdasdasdText 876,108.01875,205.47456,303.15259
asdasdasdasdText 877,108.1422,205.70911999999998,303.49825999999996
asdasdasdasdText 878,108.26565000000001,205.94368,303.84393
asdasdasdasdText 879,108.3891,206.17824,304.1896
asdasdasdasdText 880,108.51255,206.4128,304.53526999999997
asdasdasdasdText 881,108.63600000000001,206.64736,304.88093999999995
asdasdasdasdText 882,108.75945,206.88191999999998,305.22661
asdasdasdasdText 883,108.8829,207.11648,305.57228
asdasdasdasdText 884,109.00635,207.35103999999998,305.91794999999996
asdasdasdasdText 885,109.1298,207.5856,306.26362
asdasdasdasdText 886,109.25325000000001,207.82016,306.60929
asdasdasdasdText 887,109.3767,208.05472,306.95495999999997
asdasdasdasdText 888,109.50015,208.28928,307.30062999999996
asdasdasdasdText 889,109.62360000000001,208.52383999999998,307.6463
asdasdasdasdText 890,109.74705,208.7584,307.99197
asdasdasdasdText 891,109.8705,208.99295999999998,308.33763999999996
asdasdasdasdText 892,109.99395,209.22752,308.68331
asdasdasdasdText 893,110.1174,209.46208,309.02898
asdasdasdasdText 894,110.24085000000001,209.69664,309.37465
asdasdasdasdText 895,110.3643,209.9312,309.72031999999996
asdasdasdasdText 896,110.48775,210.16575999999998,310.06599
asdasdasdasdText 897,110.6112,210.40032,310.41166
asdasdasdasdText 898,110.73465,210.63487999999998,310.75732999999997
asdasdasdasdText 899,110.85810000000001,210.86944,311.10299999999995
asdasdasdasdText 900,110.98155,211.10399999999998,311.44867
asdasdasdasdText 901,111.105,211.33856,311.79434
asdasdasdasdText 902,111.22845000000001,211.57312,312.14000999999996
asdasdasdasdText 903,111.3519,211.80768,312.48568
asdasdasdasdText 904,111.47535,212.04224,312.83135
asdasdasdasdText 905,111.5988,212.27679999999998,313.17701999999997
asdasdasdasdText 906,111.72225,212.51136,313.52268999999995
asdasdasdasdText 907,111.84570000000001,212.74591999999998,313.86836
asdasdasdasdText 908,111.96915,212.98048,314.21403
asdasdasdasdText 909,112.0926,213.21504,314.55969999999996
asdasdasdasdText 910,112.21605000000001,213.4496,314.90537
asdasdasdasdText 911,112.3395,213.68416,315.25104
asdasdasdasdText 912,112.46295,213.91871999999998,315.59671
asdasdasdasdText 913,112.5864,214.15328,315.94237999999996
asdasdasdasdText 914,112.70985,214.38783999999998,316.28805
asdasdasdasdText 915,112.83330000000001,214.6224,316.63372
asdasdasdasdText 916,112.95675,214.85696,316.97938999999997
asdasdasdasdText 917,113.0802,215.09152,317.32505999999995
asdasdasdasdText 918,113.20365000000001,215.32608,317.67073
asdasdasdasdText 919,113.3271,215.56063999999998,318.0164
asdasdasdasdText 920,113.45055,215.7952,318.36206999999996
asdasdasdasdText 921,113.574,216.02975999999998,318.70774
asdasdasdasdText 922,113.69745,216.26432,319.05341
asdasdasdasdText 923,113.82090000000001,216.49887999999999,319.39907999999997
asdasdasdasdText 924,113.94435,216.73344,319.74474999999995
asdasdasdasdText 925,114.0678,216.968,320.09042
asdasdasdasdText 926,114.19125000000001,217.20256,320.43609
asdasdasdasdText 927,114.3147,217.43712,320.78175999999996
asdasdasdasdText 928,114.43815000000001,217.67167999999998,321.12743
asdasdasdasdText 929,114.5616,217.90624,321.4731
asdasdasdasdText 930,114.68505,218.14079999999998,321.81877
asdasdasdasdText 931,114.80850000000001,218.37536,322.16443999999996
asdasdasdasdText 932,114.93195,218.60992,322.51011
asdasdasdasdText 933,115.0554,218.84448,322.85578
asdasdasdasdText 934,115.17885,219.07904,323.20144999999997
asdasdasdasdText 935,115.3023,219.31359999999998,323.54712
asdasdasdasdText 936,115.42575000000001,219.54816,323.89279
asdasdasdasdText 937,115.5492,219.78271999999998,324.23846
asdasdasdasdText 938,115.67265,220.01728,324.58412999999996
asdasdasdasdText 939,115.79610000000001,220.25184,324.9298
asdasdasdasdText 940,115.91955,220.4864,325.27547
asdasdasdasdText 941,116.043,220.72096,325.62113999999997
asdasdasdasdText 942,116.16645,220.95551999999998,325.96680999999995
asdasdasdasdText 943,116.2899,221.19008,326.31248
asdasdasdasdText 944,116.41335000000001,221.42463999999998,326.65815
asdasdasdasdText 945,116.5368,221.6592,327.00381999999996
asdasdasdasdText 946,116.66025,221.89376,327.34949
asdasdasdasdText 947,116.78370000000001,222.12832,327.69516
asdasdasdasdText 948,116.90715,222.36288,328.04082999999997
asdasdasdasdText 949,117.0306,222.59743999999998,328.38649999999996
asdasdasdasdText 950,117.15405,222.832,328.73217
asdasdasdasdText 951,117.2775,223.06655999999998,329.07784
asdasdasdasdText 952,117.40095000000001,223.30112,329.42350999999996
asdasdasdasdText 953,117.5244,223.53567999999999,329.76918
asdasdasdasdText 954,117.64785,223.77024,330.11485
asdasdasdasdText 955,117.77130000000001,224.0048,330.46052
asdasdasdasdText 956,117.89475,224.23936,330.80618999999996
asdasdasdasdText 957,118.01820000000001,224.47392,331.15186
asdasdasdasdText 958,118.14165,224.70847999999998,331.49753
asdasdasdasdText 959,118.2651,224.94304,331.84319999999997
asdasdasdasdText 960,118.38855000000001,225.17759999999998,332.18886999999995
asdasdasdasdText 961,118.512,225.41216,332.53454
asdasdasdasdText 962,118.63545,225.64672,332.88021
asdasdasdasdText 963,118.7589,225.88128,333.22587999999996
asdasdasdasdText 964,118.88235,226.11584,333.57155
asdasdasdasdText 965,119.00580000000001,226.35039999999998,333.91722
asdasdasdasdText 966,119.12925,226.58496,334.26288999999997
asdasdasdasdText 967,119.2527,226.81951999999998,334.60855999999995
asdasdasdasdText 968,119.37615000000001,227.05408,334.95423
asdasdasdasdText 969,119.4996,227.28864,335.2999
asdasdasdasdText 970,119.62305,227.5232,335.64556999999996
asdasdasdasdText 971,119.7465,227.75776,335.99124
asdasdasdasdText 972,119.86995,227.99231999999998,336.33691
asdasdasdasdText 973,119.99340000000001,228.22688,336.68258
asdasdasdasdText 974,120.11685,228.46143999999998,337.02824999999996
asdasdasdasdText 975,120.2403,228.696,337.37392
asdasdasdasdText 976,120.36375000000001,228.93055999999999,337.71959
asdasdasdasdText 977,120.4872,229.16512,338.06525999999997
asdasdasdasdText 978,120.61065,229.39968,338.41092999999995
asdasdasdasdText 979,120.7341,229.63423999999998,338.7566
asdasdasdasdText 980,120.85755,229.8688,339.10227
asdasdasdasdText 981,120.98100000000001,230.10335999999998,339.44793999999996
asdasdasdasdText 982,121.10445,230.33792,339.79361
asdasdasdasdText 983,121.2279,230.57247999999998,340.13928
asdasdasdasdText 984,121.35135000000001,230.80704,340.48494999999997
asdasdasdasdText 985,121.4748,231.0416,340.83061999999995
asdasdasdasdText 986,121.59825000000001,231.27616,341.17629
asdasdasdasdText 987,121.7217,231.51072,341.52196
asdasdasdasdText 988,121.84515,231.74527999999998,341.86762999999996
asdasdasdasdText 989,121.96860000000001,231.97984,342.2133
asdasdasdasdText 990,122.09205,232.21439999999998,342.55897
asdasdasdasdText 991,122.2155,232.44896,342.90464
asdasdasdasdText 992,122.33895000000001,232.68352,343.25030999999996
asdasdasdasdText 993,122.4624,232.91808,343.59598
asdasdasdasdText 994,122.58585000000001,233.15264,343.94165
asdasdasdasdText 995,122.7093,233.38719999999998,344.28731999999997
asdasdasdasdText 996,122.83275,233.62176,344.63298999999995
asdasdasdasdText 997,122.95620000000001,233.85631999999998,344.97866
asdasdasdasdText 998,123.07965,234.09088,345.32433
asdasdasdasdText 999,123.2031,234.32544,345.66999999999996
asdasdasdasdText 1000,123.32655,234.56,346.01567
